name,developer,publisher,owners,average_forever,median_forever,owners_mid,Main Story (h),Main + Sides (h),Completionist (h),All Styles (h),Co-Op (h),Vs (h),total_hours_played
Counter-Strike: Global Offensive,Valve,Valve,"100,000,000 .. 200,000,000",550.3166666666667,112.0,150000000.0,121.25,365.22,770.33,414.3,305.67,723.15,82547500000.00002
Apex Legends,Respawn,Electronic Arts,"100,000,000 .. 200,000,000",169.15,15.816666666666666,150000000.0,33.3,85.11,145.86,105.42,436.95,186.41,25372500000.0
PUBG: BATTLEGROUNDS,PUBG Corporation,"KRAFTON, Inc.","100,000,000 .. 200,000,000",389.6666666666667,96.85,150000000.0,100.43,276.66,522.79,231.0,249.13,174.69,58450000000.0
Terraria,Re-Logic,Re-Logic,"20,000,000 .. 50,000,000",130.46666666666667,33.45,35000000.0,51.97,91.99,203.67,105.67,85.65,59.39,4566333333.333333
Garry's Mod,Facepunch Studios,Valve,"20,000,000 .. 50,000,000",166.65,20.833333333333332,35000000.0,51.11,264.87,575.64,166.51,134.79,141.54,5832750000.0
Tom Clancy's Rainbow Six Siege,Ubisoft Montreal,Ubisoft,"20,000,000 .. 50,000,000",240.8,39.36666666666667,35000000.0,3.32,25.59,147.79,46.14,129.4,457.51,8428000000.0
Rust,Facepunch Studios,Facepunch Studios,"20,000,000 .. 50,000,000",386.98333333333335,51.95,35000000.0,28.45,105.78,116.68,67.12,51.95,187.91,13544416666.666668
World of Warships,Wargaming Group Limited,Wargaming Group Limited,"20,000,000 .. 50,000,000",73.75,5.05,35000000.0,0.0,144.0,0.0,144.0,0.0,28.55,2581250000.0
ARK: Survival Evolved,"Studio Wildcard, Instinct Games, Efecto Studios, Virtual Basement LLC","Studio Wildcard, Snail Games USA","20,000,000 .. 50,000,000",195.16666666666666,16.5,35000000.0,68.19,251.49,935.74,243.44,295.11,300.95,6830833333.333333
Warface: Clutch,MY.GAMES,MY.GAMES,"20,000,000 .. 50,000,000",25.983333333333334,2.9833333333333334,35000000.0,7.5,0.0,0.0,7.5,0.0,110.0,909416666.6666667
Dead by Daylight,Behaviour Interactive Inc.,Behaviour Interactive Inc.,"20,000,000 .. 50,000,000",202.56666666666666,23.433333333333334,35000000.0,78.64,379.83,763.43,318.79,270.1,272.26,7089833333.333333
Among Us,Innersloth,Innersloth,"20,000,000 .. 50,000,000",25.6,11.383333333333333,35000000.0,8.22,15.86,27.74,13.87,19.04,18.69,896000000.0
Fall Guys: Ultimate Knockout,Mediatonic,Ravenscourt,"20,000,000 .. 50,000,000",26.5,9.75,35000000.0,9.82,31.93,93.61,31.71,43.95,33.62,927500000.0
Phasmophobia,Kinetic Games,Kinetic Games,"10,000,000 .. 20,000,000",39.31666666666667,15.733333333333333,15000000.0,20.04,40.15,125.64,44.96,29.24,32.5,589750000.0
Paladins,Evil Mojo Games,Hi-Rez Studios,"10,000,000 .. 20,000,000",65.56666666666666,9.3,15000000.0,61.91,211.43,478.81,173.51,201.67,184.19,983500000.0
Monster Hunter: World,"CAPCOM Co., Ltd.","CAPCOM Co., Ltd.","10,000,000 .. 20,000,000",153.81666666666666,48.06666666666667,15000000.0,46.45,114.8,427.92,107.42,159.71,266.0,2307250000.0
Rocket League,Psyonix LLC,Psyonix LLC,"10,000,000 .. 20,000,000",335.6666666666667,48.65,15000000.0,4.59,26.24,105.31,49.47,158.77,275.36,5035000000.0
Lethal Company,Zeekerss,Zeekerss,"10,000,000 .. 20,000,000",23.75,11.783333333333333,15000000.0,9.1,17.24,33.09,13.79,25.23,37.0,356250000.0
Ring of Elysium,Aurora Studio,TCH Scarlet Limited,"10,000,000 .. 20,000,000",24.4,1.9166666666666667,15000000.0,10.0,103.05,0.0,61.02,270.75,51.83,366000000.0
Don't Starve Together,Klei Entertainment,Klei Entertainment,"10,000,000 .. 20,000,000",49.81666666666667,8.333333333333334,15000000.0,34.49,108.4,213.71,80.2,49.98,57.31,747250000.0
Dying Light,Techland,Techland,"10,000,000 .. 20,000,000",37.46666666666667,20.15,15000000.0,18.09,36.1,63.75,31.24,29.06,48.56,562000000.0
Human Fall Flat,No Brakes Games,Curve Games,"10,000,000 .. 20,000,000",13.083333333333334,6.25,15000000.0,6.34,12.18,24.92,10.46,10.16,11.0,196250000.0
Sons Of The Forest,Endnight Games Ltd,Newnight ,"10,000,000 .. 20,000,000",24.583333333333332,14.416666666666666,15000000.0,15.64,25.01,52.19,23.48,27.36,13.0,368750000.0
DayZ,Bohemia Interactive,Bohemia Interactive,"10,000,000 .. 20,000,000",248.35,36.1,15000000.0,50.77,91.58,133.78,61.93,94.39,98.47,3725250000.0
Castle Crashers,The Behemoth,The Behemoth,"5,000,000 .. 10,000,000",9.516666666666667,4.716666666666667,7500000.0,7.18,13.08,37.23,10.51,9.98,41.98,71375000.0
Geometry Dash,RobTop Games,RobTop Games,"5,000,000 .. 10,000,000",108.7,8.083333333333334,7500000.0,23.6,232.43,1222.98,308.6,0.0,19.6,815250000.0
MONSTER HUNTER RISE,"CAPCOM Co., Ltd.","CAPCOM Co., Ltd.","5,000,000 .. 10,000,000",92.61666666666666,42.03333333333333,7500000.0,23.13,79.92,181.99,57.85,86.64,58.18,694625000.0
Tomb Raider,"Crystal Dynamics, Eidos-Montréal, Feral Interactive (Mac), Nixxes","Crystal Dynamics, Feral Interactive (Mac)","5,000,000 .. 10,000,000",16.033333333333335,8.25,7500000.0,11.35,15.47,20.89,14.36,9.87,12.01,120250000.00000001
Robocraft,Freejam,Freejam,"5,000,000 .. 10,000,000",37.85,4.283333333333333,7500000.0,58.13,194.83,0.0,82.56,20.64,39.73,283875000.0
Deceit,World Makers,World Makers,"5,000,000 .. 10,000,000",14.133333333333333,1.9666666666666666,7500000.0,3.8,8.75,43.33,8.08,4.62,15.65,106000000.0
Dota Underlords,Valve,Valve,"5,000,000 .. 10,000,000",58.06666666666667,5.683333333333334,7500000.0,63.01,110.28,278.79,114.08,0.0,91.57,435500000.0
Chivalry: Medieval Warfare,Torn Banner Studios,Torn Banner Studios,"5,000,000 .. 10,000,000",14.116666666666667,4.0,7500000.0,13.93,34.02,172.15,60.68,27.15,35.62,105875000.0
The Elder Scrolls Online,ZeniMax Online Studios,Bethesda Softworks,"5,000,000 .. 10,000,000",160.96666666666667,20.416666666666668,7500000.0,47.94,199.2,527.03,181.47,110.43,87.89,1207250000.0
Assetto Corsa,Kunos Simulazioni,Kunos Simulazioni,"5,000,000 .. 10,000,000",56.88333333333333,4.416666666666667,7500000.0,42.9,74.26,291.77,110.16,22.09,60.47,426625000.0
MultiVersus,Player First Games,Warner Bros. Games,"5,000,000 .. 10,000,000",11.816666666666666,3.0833333333333335,7500000.0,5.98,42.48,88.55,21.33,11.42,21.84,88625000.0
DOOM,id Software,Bethesda Softworks,"5,000,000 .. 10,000,000",25.916666666666668,8.883333333333333,7500000.0,11.59,16.42,27.1,14.54,4.59,7.99,194375000.0
BattleBit Remastered,"SgtOkiDoki, Vilaskis, TheLiquidHorse",SgtOkiDoki,"5,000,000 .. 10,000,000",25.783333333333335,10.783333333333333,7500000.0,21.0,33.44,0.0,30.87,11.0,30.51,193375000.0
Realm Royale,Heroic Leap Games,Hi-Rez Studios,"5,000,000 .. 10,000,000",15.383333333333333,2.4,7500000.0,5.0,18.61,20.4,17.84,0.0,14.3,115375000.0
Halo: The Master Chief Collection,"343 Industries, Splash Damage, Ruffian Games, Bungie, Saber Interactive",Xbox Game Studios,"5,000,000 .. 10,000,000",35.46666666666667,11.266666666666667,7500000.0,43.04,70.5,307.94,58.45,42.53,65.98,266000000.0
Slay the Spire,Mega Crit,Mega Crit,"5,000,000 .. 10,000,000",77.15,29.866666666666667,7500000.0,12.14,47.39,183.7,36.99,0.0,186.0,578625000.0
DOOM Eternal,id Software,Bethesda Softworks,"5,000,000 .. 10,000,000",21.0,10.133333333333333,7500000.0,14.42,20.45,29.05,19.28,3.5,10.02,157500000.0
Splitgate: Arena Warfare,1047 Games,1047 Games,"5,000,000 .. 10,000,000",9.233333333333333,3.966666666666667,7500000.0,26.8,61.59,355.15,93.5,9.7,42.48,69250000.0
Stumble Guys,Scopely,Scopely,"5,000,000 .. 10,000,000",8.166666666666666,1.55,7500000.0,1.29,7.72,18.86,10.79,0.0,11.54,61249999.99999999
Neverwinter,Cryptic Studios,Arc Games,"5,000,000 .. 10,000,000",55.28333333333333,5.9,7500000.0,49.88,103.88,313.84,89.79,51.81,32.09,414625000.0
Business Tour - Board Game with Online Multiplayer,8Floor,8Floor,"5,000,000 .. 10,000,000",9.716666666666667,4.55,7500000.0,5.11,0.0,0.0,5.11,2.0,6.77,72875000.0
V Rising,Stunlock Studios,Stunlock Studios,"5,000,000 .. 10,000,000",47.916666666666664,23.133333333333333,7500000.0,46.51,65.54,92.26,66.0,78.82,80.0,359375000.0
The Cycle: Frontier,YAGER,YAGER,"5,000,000 .. 10,000,000",21.25,2.0166666666666666,7500000.0,5.79,20.0,1821.47,191.97,0.0,53.38,159375000.0
Little Nightmares,Tarsier Studios,BANDAI NAMCO Entertainment,"5,000,000 .. 10,000,000",3.65,1.6833333333333333,7500000.0,3.57,5.15,8.98,4.3,4.91,2.01,27375000.0
Tom Clancy’s The Division,Massive Entertainment,Ubisoft,"5,000,000 .. 10,000,000",81.11666666666666,26.75,7500000.0,26.01,48.17,95.67,42.35,52.49,14.64,608375000.0
FOR HONOR,"Ubisoft Montreal, Ubisoft Quebec, Ubisoft Toronto, Blue Byte",Ubisoft,"5,000,000 .. 10,000,000",49.35,11.866666666666667,7500000.0,7.04,10.95,18.25,8.42,15.62,64.61,370125000.0
Loadout,Edge of Reality,Edge of Reality,"5,000,000 .. 10,000,000",6.983333333333333,2.2333333333333334,7500000.0,2.39,60.0,0.0,12.3,0.0,89.88,52375000.0
Mount & Blade: Warband,TaleWorlds Entertainment,TaleWorlds Entertainment,"5,000,000 .. 10,000,000",102.16666666666667,28.55,7500000.0,74.27,111.45,237.67,120.9,3643.0,244.58,766250000.0
Ready or Not,VOID Interactive,VOID Interactive,"5,000,000 .. 10,000,000",26.9,13.05,7500000.0,15.93,28.68,58.33,23.9,29.11,45.0,201750000.0
Stellaris,Paradox Development Studio,Paradox Interactive,"2,000,000 .. 5,000,000",150.43333333333334,26.066666666666666,3500000.0,32.31,89.33,339.1,83.65,49.0,375.0,526516666.6666667
Alien Swarm,Valve,Valve,"2,000,000 .. 5,000,000",19.083333333333332,2.25,3500000.0,3.53,10.7,19.27,7.23,10.63,11.0,66791666.666666664
Amnesia: The Dark Descent,Frictional Games,Frictional Games,"2,000,000 .. 5,000,000",5.0,1.1833333333333333,3500000.0,7.95,9.09,11.63,8.47,6.68,999.0,17500000.0
Battlerite,Stunlock Studios,Stunlock Studios,"2,000,000 .. 5,000,000",17.0,3.3833333333333333,3500000.0,33.25,0.0,43.4,34.67,87.0,56.85,59500000.0
Tabletop Simulator,Berserk Games,Berserk Games,"2,000,000 .. 5,000,000",45.95,8.283333333333333,3500000.0,7.49,146.19,2086.94,182.74,129.85,13.27,160825000.0
Party Animals,Recreate Games,Source Technology,"2,000,000 .. 5,000,000",17.05,6.166666666666667,3500000.0,5.1,7.74,107.42,17.5,10.0,10.06,59675000.0
Broforce,Free Lives,Devolver Digital,"2,000,000 .. 5,000,000",10.2,5.566666666666666,3500000.0,7.19,10.01,17.62,8.9,8.83,7.67,35700000.0
Vampire: The Masquerade - Bloodhunt,Sharkmob AB,Sharkmob AB,"2,000,000 .. 5,000,000",8.2,1.85,3500000.0,10.12,45.54,65.0,35.6,12.0,24.17,28699999.999999996
Yu-Gi-Oh! Duel Links,KONAMI,KONAMI,"2,000,000 .. 5,000,000",48.75,3.9833333333333334,3500000.0,31.4,381.01,521.38,332.87,0.0,339.09,170625000.0
Grand Theft Auto: San Andreas,Rockstar Games,Rockstar Games,"2,000,000 .. 5,000,000",24.95,3.45,3500000.0,30.25,45.18,72.03,42.05,627.38,168.75,87325000.0
Stick Fight: The Game,Landfall West,Landfall,"2,000,000 .. 5,000,000",7.133333333333334,3.1666666666666665,3500000.0,1.75,3.53,8.34,5.47,6.27,8.18,24966666.666666668
Call of Duty: Black Ops,Treyarch,Activision,"2,000,000 .. 5,000,000",58.2,11.4,3500000.0,7.06,10.6,30.89,8.38,93.55,161.92,203700000.0
Call of Duty: World at War,Treyarch,Activision,"2,000,000 .. 5,000,000",44.46666666666667,14.25,3500000.0,7.05,11.12,25.49,8.44,41.65,37.32,155633333.33333334
Borderlands: The Pre-Sequel,"2K Australia, Gearbox Software, Aspyr (Linux)","2K, Aspyr (Linux)","2,000,000 .. 5,000,000",24.466666666666665,8.3,3500000.0,22.21,35.08,63.25,32.72,31.03,20.16,85633333.33333333
Last Man Standing,"Free Reign Entertainment, Free Reign Entertainment",Free Reign Entertainment,"2,000,000 .. 5,000,000",6.066666666666666,1.3666666666666667,3500000.0,0.0,0.0,0.0,0.0,0.0,10.93,21233333.333333332
Elite Dangerous,Frontier Developments,Frontier Developments,"2,000,000 .. 5,000,000",115.46666666666667,17.85,3500000.0,114.47,250.16,676.78,265.46,161.47,145.38,404133333.3333333
Gang Beasts,"Boneloaf, Rocket Science",Boneloaf,"2,000,000 .. 5,000,000",7.25,2.75,3500000.0,2.29,5.24,6.19,4.94,7.57,7.33,25375000.0
Transformice,Atelier 801,Atelier 801,"2,000,000 .. 5,000,000",14.033333333333333,1.3166666666666667,3500000.0,0.0,0.0,770.12,770.12,9.17,132.5,49116666.666666664
Don't Starve,Klei Entertainment,Klei Entertainment,"2,000,000 .. 5,000,000",26.383333333333333,5.266666666666667,3500000.0,34.49,108.4,213.71,80.2,49.98,57.31,92341666.66666667
Pummel Party,Rebuilt Games,Rebuilt Games,"2,000,000 .. 5,000,000",13.533333333333333,7.25,3500000.0,7.1,14.18,22.49,14.45,7.24,24.03,47366666.666666664
Hell Let Loose,Expression Games,Team17,"2,000,000 .. 5,000,000",87.41666666666667,16.666666666666668,3500000.0,44.31,1200.0,2610.0,627.54,0.0,36.47,305958333.3333334
Company of Heroes - Legacy Edition,Relic Entertainment,SEGA,"2,000,000 .. 5,000,000",9.25,1.6666666666666667,3500000.0,19.33,27.48,77.55,23.39,61.83,77.4,32375000.0
DRAGON BALL FighterZ,Arc System Works,Bandai Namco Entertainment,"2,000,000 .. 5,000,000",39.9,8.366666666666667,3500000.0,12.09,22.42,49.02,16.68,17.75,75.02,139650000.0
Liar's Bar,Curve Animation,Curve Animation,"2,000,000 .. 5,000,000",4.216666666666667,2.7333333333333334,3500000.0,1.7,2.83,3.17,2.38,0.0,2.73,14758333.333333334
Outlast,Red Barrels,Red Barrels,"2,000,000 .. 5,000,000",5.283333333333333,2.55,3500000.0,5.15,7.25,11.51,6.32,6.17,6.47,18491666.666666668
Remnant: From the Ashes,Gunfire Games,Arc Games,"2,000,000 .. 5,000,000",25.716666666666665,15.633333333333333,3500000.0,13.28,20.7,59.02,18.69,18.71,11.12,90008333.33333333
Hitman: Absolution,Io-Interactive A/S,Io-Interactive A/S,"2,000,000 .. 5,000,000",12.65,6.516666666666667,3500000.0,12.41,19.68,36.86,15.96,0.0,24.83,44275000.0
Insurgency: Sandstorm,New World Interactive,Focus Entertainment,"2,000,000 .. 5,000,000",41.733333333333334,11.483333333333333,3500000.0,21.6,65.5,364.92,77.72,64.73,79.71,146066666.66666666
Rec Room,Rec Room,Rec Room,"2,000,000 .. 5,000,000",23.316666666666666,2.2333333333333334,3500000.0,1.11,852.17,0.0,171.64,174.94,1702.33,81608333.33333333
Quake Live,id Software,Bethesda Softworks,"2,000,000 .. 5,000,000",5.316666666666666,1.2,3500000.0,0.8,3.85,106.49,17.78,0.0,34.94,18608333.333333332
Who's Your Daddy?!,Evil Tortilla Games,Evil Tortilla Games,"2,000,000 .. 5,000,000",3.2,1.65,3500000.0,0.51,2.36,6.04,2.51,0.0,1.74,11200000.0
DARK SOULS: REMASTERED,"QLOC, FromSoftware, Inc.","FromSoftware, Inc., Bandai Namco Entertainment","2,000,000 .. 5,000,000",41.583333333333336,28.533333333333335,3500000.0,29.33,43.92,68.43,44.31,53.25,37.11,145541666.6666667
Magic Duels,Stainless Games Ltd.,Wizards of the Coast LLC,"2,000,000 .. 5,000,000",26.233333333333334,2.9,3500000.0,16.71,30.04,367.17,70.0,0.0,76.17,91816666.66666667
TrackMania Nations Forever,Nadeo,Ubisoft,"2,000,000 .. 5,000,000",10.85,2.066666666666667,3500000.0,13.75,46.4,55.05,23.94,5.9,31.36,37975000.0
Bully: Scholarship Edition,Rockstar New England,Rockstar Games,"2,000,000 .. 5,000,000",9.316666666666666,1.9833333333333334,3500000.0,14.57,19.3,27.6,18.83,0.0,19.0,32608333.333333332
Insurgency,New World Interactive,New World Interactive,"2,000,000 .. 5,000,000",15.1,4.083333333333333,3500000.0,10.2,31.86,55.2,26.91,46.67,31.06,52850000.0
Northgard,Shiro Games,Shiro Games,"2,000,000 .. 5,000,000",30.133333333333333,8.333333333333334,3500000.0,14.51,35.49,87.62,20.14,20.0,655.0,105466666.66666667
SpeedRunners,DoubleDutch Games,tinyBuild,"2,000,000 .. 5,000,000",12.45,4.6,3500000.0,2.13,11.25,15.72,4.91,23.18,37.74,43575000.0
Golf With Your Friends,"Blacklight Interactive, Team17",Team17,"2,000,000 .. 5,000,000",10.95,6.1,3500000.0,6.17,11.1,26.7,11.96,11.35,12.81,38325000.0
Toribash,Nabi Studios,"Nicalis, Inc.","2,000,000 .. 5,000,000",6.25,1.3166666666666667,3500000.0,0.53,34.1,0.0,17.32,0.0,19.2,21875000.0
Batman: Arkham Origins,"WB Games Montreal, Splash Damage",Warner Bros. Interactive Entertainment,"2,000,000 .. 5,000,000",19.833333333333332,10.1,3500000.0,12.42,21.89,41.39,18.57,13.88,23.27,69416666.66666666
CarX Drift Racing Online,"CarX Technologies, LLC","CarX Technologies, LLC","2,000,000 .. 5,000,000",54.416666666666664,14.016666666666667,3500000.0,5.53,20.6,22.5,15.41,8.75,500.01,190458333.3333333
Call of Duty: Black Ops,Treyarch,Activision,"2,000,000 .. 5,000,000",22.816666666666666,9.266666666666667,3500000.0,7.06,10.6,30.89,8.38,93.55,161.92,79858333.33333333
Homefront,"Kaos Studios, Digital Extremes",Deep Silver,"2,000,000 .. 5,000,000",4.783333333333333,1.8,3500000.0,4.16,5.49,9.55,4.56,0.0,12.93,16741666.666666666
Quake Champions,id Software,Bethesda Softworks,"2,000,000 .. 5,000,000",11.866666666666667,1.4333333333333333,3500000.0,16.36,40.0,0.0,21.84,0.5,16.66,41533333.333333336
DiRT Rally,"Codemasters, Feral Interactive (Linux), Feral Interactive (Mac)","Codemasters, Feral Interactive (Linux), Feral Interactive (Mac), Electronic Arts","2,000,000 .. 5,000,000",10.7,2.6666666666666665,3500000.0,28.71,65.58,153.31,54.53,0.0,157.2,37450000.0
UNO,Ubisoft Entertainment,Ubisoft Entertainment,"2,000,000 .. 5,000,000",7.416666666666667,3.75,3500000.0,4.92,8.83,19.78,11.25,1.65,16.41,25958333.333333336
Spellbreak,"Proletariat, Inc.","Proletariat, Inc.","2,000,000 .. 5,000,000",3.183333333333333,1.35,3500000.0,0.55,4.5,22.68,4.11,0.0,3.79,11141666.666666666
Squad,Offworld,Offworld,"2,000,000 .. 5,000,000",111.31666666666666,17.3,3500000.0,19.95,50.0,120.0,36.47,0.0,29.93,389608333.3333333
Ironsight,"WipleGames Inc.,","WipleGames Inc.,","2,000,000 .. 5,000,000",6.916666666666667,1.2666666666666666,3500000.0,19.4,0.0,0.0,19.4,0.0,12.2,24208333.333333336
Star Conflict,Star Gem Inc.,Gaijin Network Ltd,"2,000,000 .. 5,000,000",20.55,2.35,3500000.0,0.0,792.0,0.0,792.0,17.0,251.5,71925000.0
Buckshot Roulette,Mike Klubnika,CRITICAL REFLEX,"2,000,000 .. 5,000,000",3.4166666666666665,2.216666666666667,3500000.0,0.44,1.67,9.09,1.12,5.0,1.98,11958333.333333332
RISK: Global Domination,SMG Studio,SMG Studio,"2,000,000 .. 5,000,000",28.283333333333335,2.1666666666666665,3500000.0,14.39,21.42,38.06,20.7,0.0,18.22,98991666.66666667
Totally Accurate Battlegrounds,Landfall,Landfall,"2,000,000 .. 5,000,000",5.333333333333333,1.0666666666666667,3500000.0,2.55,3.42,10.25,4.3,0.0,10.0,18666666.666666664
Age of Mythology: Extended Edition,"SkyBox Labs, Ensemble Studios, Forgotten Empires",Xbox Game Studios,"2,000,000 .. 5,000,000",26.983333333333334,7.2,3500000.0,28.61,41.87,69.18,41.56,100.0,31.67,94441666.66666667
DRAGON BALL: Sparking! ZERO,"Spike Chunsoft Co., Ltd.",Bandai Namco Entertainment,"2,000,000 .. 5,000,000",27.283333333333335,16.633333333333333,3500000.0,10.67,26.61,43.23,26.77,0.0,20.19,95491666.66666667
Day of Defeat: Source,Valve,Valve,"2,000,000 .. 5,000,000",20.783333333333335,2.2333333333333334,3500000.0,2.72,8.31,10.0,4.69,42.58,37.65,72741666.66666667
Duck Game,Landon Podbielski,CORPTRON GAMES CORP.,"2,000,000 .. 5,000,000",20.15,4.916666666666667,3500000.0,3.58,4.2,144.65,22.78,15.5,39.88,70525000.0
Return to Castle Wolfenstein,Gray Matter Studios,Bethesda Softworks,"2,000,000 .. 5,000,000",3.6666666666666665,1.3333333333333333,3500000.0,8.02,10.15,10.9,8.9,0.0,25.0,12833333.333333332
Awesomenauts,Ronimo Games,Atari,"2,000,000 .. 5,000,000",20.25,4.683333333333334,3500000.0,11.22,44.3,136.46,42.33,60.71,142.88,70875000.0
Ryse: Son of Rome,Crytek,Crytek ,"2,000,000 .. 5,000,000",6.466666666666667,4.9,3500000.0,6.39,8.37,20.0,7.22,4.75,5.21,22633333.333333332
NARUTO TO BORUTO: SHINOBI STRIKER,Soleil Ltd.,Bandai Namco Entertainment,"2,000,000 .. 5,000,000",18.283333333333335,8.35,3500000.0,6.93,29.85,107.08,15.76,23.17,24.62,63991666.66666667
Call of Duty: WWII,"Sledgehammer Games, Raven Software",Activision,"2,000,000 .. 5,000,000",9.033333333333333,6.4,3500000.0,7.03,9.5,18.58,7.65,16.35,53.5,31616666.666666668
Red Dead Online,Rockstar Games,Rockstar Games,"2,000,000 .. 5,000,000",43.45,12.4,3500000.0,11.0,81.06,129.88,74.96,0.0,170.0,152075000.0
ROUNDS,Landfall,Landfall,"2,000,000 .. 5,000,000",12.3,5.566666666666666,3500000.0,1.09,4.0,8.85,4.22,6.19,4.17,43050000.0
Ultimate Chicken Horse,Clever Endeavour Games,Clever Endeavour Games,"1,000,000 .. 2,000,000",8.666666666666666,4.2,1500000.0,5.04,12.92,25.5,11.38,12.69,12.91,13000000.0
Besiege,Spiderling Studios,Spiderling Studios,"1,000,000 .. 2,000,000",13.466666666666667,3.1,1500000.0,5.99,12.86,16.86,9.33,3.4,6.48,20200000.0
ENDLESS Space - Definitive Edition,AMPLITUDE Studios,SEGA,"1,000,000 .. 2,000,000",11.116666666666667,6.05,1500000.0,16.07,40.98,110.6,27.97,36.05,129.0,16675000.0
Depth,Digital Confectioners,Digital Confectioners,"1,000,000 .. 2,000,000",34.1,4.383333333333334,1500000.0,4.5,64.0,84.0,37.12,9.75,19.2,51150000.0
Verdun,BlackMill Games,BlackMill Games,"1,000,000 .. 2,000,000",12.183333333333334,4.55,1500000.0,5.84,18.0,0.0,9.5,18.0,15.25,18275000.0
Assassin’s Creed Brotherhood,Ubisoft Montreal,Ubisoft,"1,000,000 .. 2,000,000",25.883333333333333,14.933333333333334,1500000.0,15.26,25.59,41.55,24.39,7.99,11.08,38825000.0
Wreckfest,Bugbear,THQ Nordic,"1,000,000 .. 2,000,000",18.416666666666668,6.616666666666666,1500000.0,17.81,25.59,31.9,23.17,27.67,14.92,27625000.0
Gigantic,Motiga Inc.,Perfect World Entertainment,"1,000,000 .. 2,000,000",4.416666666666667,1.1,1500000.0,23.2,0.0,0.0,23.2,0.0,16.2,6625000.0
Murderous Pursuits,Blazing Griffin,Blazing Griffin,"1,000,000 .. 2,000,000",13.983333333333333,5.1,1500000.0,2.11,6.83,0.0,4.04,0.0,5.25,20975000.0
STAR WARS Republic Commando,LucasArts,"LucasArts, Lucasfilm, Disney","1,000,000 .. 2,000,000",4.133333333333334,1.4333333333333333,1500000.0,8.76,9.89,10.16,9.12,0.0,8.0,6200000.000000001
Predecessor,Omeda Studios,Omeda Studios,"1,000,000 .. 2,000,000",31.8,3.5833333333333335,1500000.0,1.0,0.0,0.0,1.0,0.0,34.96,47700000.0
Tom Clancy’s Splinter Cell Blacklist,Ubisoft Toronto,Ubisoft,"1,000,000 .. 2,000,000",15.316666666666666,9.1,1500000.0,10.79,17.68,28.33,14.4,6.73,9.48,22975000.0
GUILTY GEAR -STRIVE-,Arc System Works,Arc System Works,"1,000,000 .. 2,000,000",68.23333333333333,16.816666666666666,1500000.0,4.96,26.07,55.69,14.91,20.0,77.93,102350000.0
Gear Up,Doctor Entertainment AB,Doctor Entertainment AB,"1,000,000 .. 2,000,000",4.316666666666666,1.0833333333333333,1500000.0,0.0,0.0,0.0,0.0,0.0,8.1,6475000.0
Company of Heroes,Relic Entertainment,Relic Entertainment,"1,000,000 .. 2,000,000",37.666666666666664,7.266666666666667,1500000.0,19.33,27.48,77.55,23.39,61.83,77.4,56500000.0
Medal of Honor,Electronic Arts,Electronic Arts,"1,000,000 .. 2,000,000",4.7,1.75,1500000.0,5.02,6.2,9.44,5.27,5.0,14.57,7050000.0
S.T.A.L.K.E.R.: Shadow of Chernobyl,GSC Game World,GSC Game World,"1,000,000 .. 2,000,000",15.25,4.45,1500000.0,15.09,24.43,42.23,21.62,0.0,15.32,22875000.0
Untitled Goose Game,House House,Panic,"1,000,000 .. 2,000,000",4.033333333333333,2.183333333333333,1500000.0,3.02,4.07,6.16,3.7,3.21,5.0,6050000.0
ATLAS,"Grapeshot Games, Instinct Games","Grapeshot Games, Snail Games USA","1,000,000 .. 2,000,000",181.3,18.783333333333335,1500000.0,18.0,0.0,0.0,18.0,0.0,150.0,271950000.0
GWENT: The Witcher Card Game,CD PROJEKT RED,CD PROJEKT RED,"1,000,000 .. 2,000,000",20.466666666666665,1.6166666666666667,1500000.0,60.85,136.96,351.14,171.85,0.0,162.96,30699999.999999996
Quake,"id Software, Nightdive Studios, MachineGames",Bethesda Softworks,"1,000,000 .. 2,000,000",4.9,1.0166666666666666,1500000.0,5.39,7.69,17.01,6.87,5.21,76.88,7350000.000000001
Sid Meier's Civilization: Beyond Earth,"Firaxis Games, Aspyr (Mac), Aspyr (Linux)","2K, Aspyr (Mac), Aspyr (Linux)","1,000,000 .. 2,000,000",46.483333333333334,13.133333333333333,1500000.0,16.99,49.09,78.47,33.63,19.32,29.01,69725000.0
Tribes: Ascend,Hi-Rez Studios,Hi-Rez Studios,"1,000,000 .. 2,000,000",9.666666666666666,1.2833333333333334,1500000.0,0.0,0.0,74.0,74.0,0.0,252.47,14500000.0
Armored Warfare,"Obsidian Entertainment, Wishlist Games",Wishlist Games,"1,000,000 .. 2,000,000",15.8,3.4166666666666665,1500000.0,0.81,0.0,0.0,0.81,0.0,800.0,23700000.0
Artifact,Valve,Valve,"1,000,000 .. 2,000,000",54.85,9.516666666666667,1500000.0,1.15,0.0,0.0,1.15,6.0,35.4,82275000.0
Town of Salem,BlankMediaGames,Digital Bandidos,"1,000,000 .. 2,000,000",32.43333333333333,10.733333333333333,1500000.0,27.32,55.92,183.19,66.08,10.5,91.85,48649999.99999999
The Elder Scrolls: Legends,"Sparkypants Studios, LLC",Bethesda Softworks,"1,000,000 .. 2,000,000",15.733333333333333,2.1,1500000.0,4.83,66.11,637.06,27.12,0.0,240.0,23600000.0
Assetto Corsa Competizione,Kunos Simulazioni,505 Games,"1,000,000 .. 2,000,000",64.98333333333333,6.566666666666666,1500000.0,13.43,106.35,336.25,68.28,0.0,1151.5,97475000.0
DREDGE,Black Salt Games,Team17,"1,000,000 .. 2,000,000",11.433333333333334,9.533333333333333,1500000.0,9.57,12.66,19.94,13.57,0.0,25.78,17150000.0
Call of Duty: Ghosts,Infinity Ward,Activision,"1,000,000 .. 2,000,000",7.316666666666666,5.416666666666667,1500000.0,6.02,8.46,12.83,6.61,16.05,42.67,10975000.0
Call of Duty: Ghosts,Infinity Ward,Activision,"1,000,000 .. 2,000,000",21.416666666666668,6.233333333333333,1500000.0,6.02,8.46,12.83,6.61,16.05,42.67,32125000.0
Mortal Kombat Komplete Edition,"NetherRealm Studios, High Voltage Software",Warner Bros. Interactive Entertainment,"1,000,000 .. 2,000,000",11.383333333333333,5.55,1500000.0,8.84,18.27,71.6,12.98,3.88,19.33,17075000.0
Super Animal Royale,Pixile,Pixile,"1,000,000 .. 2,000,000",14.016666666666667,1.9,1500000.0,1.34,3.0,24.26,14.24,0.0,41.35,21025000.0
Bloons TD Battles,Ninja Kiwi,Ninja Kiwi,"1,000,000 .. 2,000,000",11.033333333333333,2.05,1500000.0,9.13,11.0,56.67,17.68,54.0,30.12,16550000.0
Ace of Spades: Battle Builder,Jagex Limited,Jagex Limited,"1,000,000 .. 2,000,000",10.116666666666667,4.9,1500000.0,9.38,0.0,36.53,13.39,0.0,15.48,15175000.0
JUMP FORCE,"Spike Chunsoft Co., Ltd.",BANDAI NAMCO Entertainment,"1,000,000 .. 2,000,000",10.466666666666667,5.133333333333334,1500000.0,14.42,23.88,45.32,22.99,0.0,31.66,15700000.0
World War Z,Saber Interactive Inc,Saber Interactive Inc,"1,000,000 .. 2,000,000",24.416666666666668,8.866666666666667,1500000.0,7.41,13.25,50.19,10.08,13.03,7.17,36625000.0
Steep,"Ubisoft Annecy, Ubisoft Montpellier, Ubisoft Kiev",Ubisoft,"1,000,000 .. 2,000,000",11.066666666666666,4.483333333333333,1500000.0,12.05,24.25,39.28,21.97,22.02,26.5,16600000.0
Move or Die,"Xelu, Those Awesome Guys",Those Awesome Guys,"1,000,000 .. 2,000,000",5.383333333333334,2.3333333333333335,1500000.0,11.2,11.95,14.95,11.95,5.0,16.43,8075000.000000001
Mafia: Definitive Edition,Hangar 13,2K,"1,000,000 .. 2,000,000",19.883333333333333,10.05,1500000.0,10.61,13.14,24.62,12.16,0.0,15.0,29825000.0
Dino D-Day,800 North and Digital Ranch,800 North and Digital Ranch,"1,000,000 .. 2,000,000",3.433333333333333,1.75,1500000.0,5.95,0.0,14.2,9.14,0.0,4.26,5150000.0
Strife,S2 Games,S2 Games,"1,000,000 .. 2,000,000",9.1,1.65,1500000.0,0.0,0.0,0.0,0.0,0.0,45.0,13650000.0
Bopl Battle,Johan Grönvall,Zapray Games,"1,000,000 .. 2,000,000",10.633333333333333,3.95,1500000.0,0.0,0.0,0.0,0.0,30.0,143.06,15950000.0
Secret Neighbor: Hello Neighbor Multiplayer,"Hologryph, Eerie Guest Studios",tinyBuild,"1,000,000 .. 2,000,000",6.566666666666666,3.1166666666666667,1500000.0,1.0,0.0,0.0,1.0,0.0,2.58,9850000.0
S.T.A.L.K.E.R.: Clear Sky,GSC Game World,GSC World Publishing,"1,000,000 .. 2,000,000",20.666666666666668,6.266666666666667,1500000.0,0.67,3.85,16.05,1.1,0.0,8.25,31000000.0
Project Winter,Other Ocean Interactive,Other Ocean Group,"1,000,000 .. 2,000,000",15.15,3.8666666666666667,1500000.0,9.82,19.78,123.78,49.2,99.5,12.35,22725000.0
The Ship: Murder Party,Outerlight Ltd.,Blazing Griffin,"1,000,000 .. 2,000,000",4.066666666666666,2.966666666666667,1500000.0,2.61,3.1,4.07,2.92,5.75,5.94,6100000.0
Just Survive,Daybreak Game Company,Daybreak Game Company,"1,000,000 .. 2,000,000",72.88333333333334,15.983333333333333,1500000.0,32.5,0.0,54.92,40.71,75.5,128.21,109325000.00000001
Need for Speed,Ghost Games,Electronic Arts,"1,000,000 .. 2,000,000",25.35,3.933333333333333,1500000.0,15.86,23.02,31.04,21.89,24.25,17.0,38025000.0
Supreme Commander: Forged Alliance,Gas Powered Games,Square Enix,"1,000,000 .. 2,000,000",60.15,9.5,1500000.0,18.04,21.9,38.46,20.39,80.0,20.0,90225000.0
Worms Armageddon,Team17 Digital Ltd,Team17 Digital Ltd,"1,000,000 .. 2,000,000",6.566666666666666,1.5166666666666666,1500000.0,8.33,14.39,27.05,12.71,10.0,37.15,9850000.0
Rivals of Aether,Aether Studios,Aether Studios,"1,000,000 .. 2,000,000",45.11666666666667,6.25,1500000.0,1.67,20.43,90.29,10.08,0.0,99.73,67675000.0
Duke Nukem Forever,Gearbox Software,2K,"1,000,000 .. 2,000,000",8.7,2.8833333333333333,1500000.0,9.17,12.33,21.73,10.61,0.0,31.67,13049999.999999998
Injustice: Gods Among Us Ultimate Edition,"NetherRealm Studios, High Voltage Software",Warner Bros. Interactive Entertainment,"1,000,000 .. 2,000,000",12.45,2.6666666666666665,1500000.0,5.03,11.5,24.29,6.02,0.5,15.86,18675000.0
Assassin's Creed Revelations,Ubisoft Montreal,Ubisoft,"1,000,000 .. 2,000,000",24.966666666666665,12.416666666666666,1500000.0,12.39,20.62,34.55,18.84,18.38,10.92,37450000.0
ArcheAge,XLGAMES,Kakao Games Europe B.V.,"1,000,000 .. 2,000,000",65.71666666666667,5.65,1500000.0,0.0,546.0,0.0,546.0,170.0,262.5,98575000.0
Zula Global,Madbyte Games,Madbyte Games,"1,000,000 .. 2,000,000",12.783333333333333,2.1166666666666667,1500000.0,32.05,0.0,0.0,32.05,67.0,351.88,19175000.0
ShellShock Live,kChamp Games,kChamp Games,"1,000,000 .. 2,000,000",25.95,8.283333333333333,1500000.0,18.09,339.93,660.83,194.62,12.95,162.88,38925000.0
AudioSurf,Dylan Fitterer,,"1,000,000 .. 2,000,000",6.466666666666667,2.2,1500000.0,7.76,12.22,16.67,10.93,0.0,25.0,9700000.0
Armello,League of Geeks,League of Geeks,"1,000,000 .. 2,000,000",24.716666666666665,5.45,1500000.0,1.99,21.2,99.25,12.76,5.83,43.76,37075000.0
The Culling,Xaviant,Xaviant Games,"1,000,000 .. 2,000,000",9.083333333333334,2.5833333333333335,1500000.0,0.0,6.0,53.0,29.5,1.5,39.52,13625000.0
Empyrion - Galactic Survival,Eleon Game Studios,Eleon Game Studios,"1,000,000 .. 2,000,000",98.25,7.016666666666667,1500000.0,59.98,0.0,0.0,59.98,100.0,200.0,147375000.0
LEGO The Lord of the Rings,Traveller's Tales,Warner Bros. Interactive Entertainment,"1,000,000 .. 2,000,000",11.866666666666667,2.033333333333333,1500000.0,10.09,17.05,33.68,19.56,15.53,15.85,17800000.0
Road Redemption,"Redemption Road, Pixel Dash Studios",Tripwire Presents,"1,000,000 .. 2,000,000",6.016666666666667,1.8333333333333333,1500000.0,5.89,10.61,38.13,9.2,34.0,11.0,9025000.0
Forts,EarthWork Games,EarthWork Games,"1,000,000 .. 2,000,000",19.933333333333334,6.516666666666667,1500000.0,8.74,10.22,15.0,9.99,0.0,24.97,29900000.0
We Were Here Expeditions: The FriendShip,Total Mayhem Games,Total Mayhem Games,"1,000,000 .. 2,000,000",2.3833333333333333,2.1333333333333333,1500000.0,2.01,2.41,3.1,2.55,2.53,1.82,3575000.0
Tricky Towers,WeirdBeard,WeirdBeard,"1,000,000 .. 2,000,000",6.466666666666667,3.283333333333333,1500000.0,9.68,19.59,37.47,14.21,0.0,8.19,9700000.0
Ironsight,Wiple Games,Aeria Games,"1,000,000 .. 2,000,000",3.3833333333333333,1.1833333333333333,1500000.0,19.4,0.0,0.0,19.4,0.0,12.2,5075000.0
Darwin Project,Scavengers Studio,Scavengers Studio,"1,000,000 .. 2,000,000",4.983333333333333,1.0166666666666666,1500000.0,0.0,0.0,14.0,14.0,170.0,48.92,7475000.0
Call of Duty: Advanced Warfare - Gold Edition,"Sledgehammer Games, Raven Software",Activision,"1,000,000 .. 2,000,000",20.5,6.933333333333334,1500000.0,6.87,8.83,9.92,7.22,0.0,14.83,30750000.0
STAR WARS Battlefront,DICE,Electronic Arts,"1,000,000 .. 2,000,000",4.65,2.1166666666666667,1500000.0,6.28,10.01,65.58,9.23,34.49,52.2,6975000.000000001
STAR WARS: Squadrons,MOTIVE,Electronic Arts,"1,000,000 .. 2,000,000",6.966666666666667,2.566666666666667,1500000.0,9.1,11.82,51.82,9.76,6.79,8.59,10450000.0
Forza Motorsport,Turn 10,Xbox Game Studios,"1,000,000 .. 2,000,000",41.55,24.75,1500000.0,35.94,68.0,163.79,54.25,0.0,63.67,62324999.99999999
DARK SOULS: Prepare To Die Edition,"FromSoftware, Inc.",Bandai Namco Entertainment,"1,000,000 .. 2,000,000",46.56666666666667,16.783333333333335,1500000.0,45.8,62.62,106.16,64.37,57.38,35.48,69850000.0
Will To Live Online,AlphaSoft LLC,AlphaSoft LLC,"1,000,000 .. 2,000,000",13.25,1.1833333333333333,1500000.0,40.0,105.0,256.0,91.38,25.0,81.0,19875000.0
Need for Speed Most Wanted,Criterion Games,Electronic Arts,"1,000,000 .. 2,000,000",5.7,1.6833333333333333,1500000.0,10.15,16.2,35.58,14.0,3.0,18.99,8550000.0
Mechabellum,Game River,Dreamhaven,"1,000,000 .. 2,000,000",45.53333333333333,13.266666666666667,1500000.0,0.0,0.0,0.0,0.0,0.0,19.18,68300000.0
WildStar,Carbine Studios,NCSOFT,"1,000,000 .. 2,000,000",9.15,1.85,1500000.0,0.0,0.0,288.0,288.0,6.55,150.0,13725000.0
Pavlov,Vankrupt Games,Vankrupt Games,"1,000,000 .. 2,000,000",22.683333333333334,5.183333333333334,1500000.0,2.63,17.18,140.87,34.2,0.0,69.88,34025000.0
SnowRunner,Saber Interactive,Focus Entertainment,"1,000,000 .. 2,000,000",56.1,19.766666666666666,1500000.0,84.99,155.98,238.99,178.52,194.76,200.0,84150000.0
Enlisted: Reinforced,Darkflow Software,Gaijin Network Ltd,"1,000,000 .. 2,000,000",21.333333333333332,3.3,1500000.0,0.0,47.97,500.0,273.98,0.0,94.67,32000000.0
Call of Duty: Modern Warfare,"Infinity Ward, Beenox, High Moon Studios, Raven Software",Activision,"1,000,000 .. 2,000,000",22.983333333333334,11.1,1500000.0,6.61,10.66,31.15,8.89,25.19,156.78,34475000.0
Supreme Commander,Gas Powered Games,Square Enix,"1,000,000 .. 2,000,000",12.033333333333333,2.2,1500000.0,18.64,33.88,44.69,28.29,60.0,20.0,18050000.0
Mindustry,AnukenDev,AnukenDev,"1,000,000 .. 2,000,000",27.883333333333333,6.3,1500000.0,20.12,40.87,41.56,32.86,37.61,273.68,41825000.0
Talisman: Digital Edition,Nomad Games,Nomad Games,"500,000 .. 1,000,000",15.5,5.1,750000.0,2.16,9.64,63.95,8.39,3.15,7.0,11625000.0
Worms Reloaded,Team17 Digital Ltd,Team17 Digital Ltd,"500,000 .. 1,000,000",7.433333333333334,2.3,750000.0,10.3,21.61,52.16,20.81,0.0,70.97,5575000.0
Call of Duty: Black Ops Cold War,"Treyarch, Raven Software, High Moon Studios, Beenox, Activision Shanghai, Sledgehammer Games",Activision,"500,000 .. 1,000,000",35.96666666666667,12.516666666666667,750000.0,5.56,7.01,17.62,6.79,39.21,68.52,26975000.0
MONOPOLY PLUS,Ubisoft Pune,Ubisoft,"500,000 .. 1,000,000",5.933333333333334,4.216666666666667,750000.0,2.18,4.07,5.3,3.25,11.0,2.35,4450000.0
Propnight,FNTASTIC,Mytona Fntastic,"500,000 .. 1,000,000",25.95,3.566666666666667,750000.0,15.0,0.0,0.0,15.0,0.0,10.01,19462500.0
Dreadnought,"Six Foot, YAGER","Grey Box, Six Foot","500,000 .. 1,000,000",27.25,3.55,750000.0,0.0,0.0,0.0,0.0,0.0,39.0,20437500.0
Call of Duty: WWII,"Sledgehammer Games, Raven Software",Activision,"500,000 .. 1,000,000",31.783333333333335,9.133333333333333,750000.0,7.03,9.5,18.58,7.65,16.35,53.5,23837500.0
Battleborn,Gearbox Software,2K,"500,000 .. 1,000,000",10.2,3.6166666666666667,750000.0,8.93,35.12,168.19,25.68,39.03,31.05,7649999.999999999
Backpack Battles,PlayWithFurcifer,"IndieArk, Shochiku (Japan)","500,000 .. 1,000,000",29.95,14.683333333333334,750000.0,24.0,27.18,72.0,31.11,0.0,36.17,22462500.0
Tetris Effect: Connected,"Monstars Inc., Resonair, Stage Games",Enhance,"500,000 .. 1,000,000",12.483333333333333,4.666666666666667,750000.0,3.29,8.42,58.09,4.8,2.99,4.53,9362500.0
Dark and Light,Snail Games USA,Snail Games USA,"500,000 .. 1,000,000",64.5,11.65,750000.0,21.0,52.37,0.0,36.68,1.62,291.0,48375000.0
Steel Ocean,Changyou.com Limited,Changyou.com Limited,"500,000 .. 1,000,000",9.6,1.05,750000.0,0.0,0.0,0.0,0.0,0.0,17.33,7200000.0
Age of Empires: Definitive Edition,"World's Edge, Forgotten Empires, Tantalus",Xbox Game Studios,"500,000 .. 1,000,000",9.683333333333334,3.45,750000.0,42.61,116.21,221.42,92.68,44.26,327.33,7262500.0
Sonic & All-Stars Racing Transformed Collection,Sumo Digital,SEGA,"500,000 .. 1,000,000",10.95,4.4,750000.0,5.08,10.58,20.06,8.61,5.0,31.06,8212499.999999999
Blockstorm,GhostShark,IndieGala,"500,000 .. 1,000,000",4.983333333333333,3.7333333333333334,750000.0,0.0,0.0,0.0,0.0,0.0,5.0,3737500.0
Hurtworld,Bankroll Studios,Bankroll Studios,"500,000 .. 1,000,000",73.1,12.516666666666667,750000.0,0.0,0.0,100.0,100.0,129.5,50.0,54824999.99999999
Red Faction,Volition,Deep Silver,"500,000 .. 1,000,000",3.033333333333333,1.65,750000.0,6.0,7.17,8.48,6.33,0.0,235.83,2275000.0
Riders Republic,"Ubisoft Annecy, Ubisoft Belgrade, Ubisoft Kyiv, Ubisoft Pune, Ubisoft Odesa",Ubisoft Entertainment,"500,000 .. 1,000,000",4.733333333333333,1.7333333333333334,750000.0,15.49,30.68,97.71,26.99,0.0,48.0,3550000.0
Knockout City,Velan Studios,Velan Studios,"500,000 .. 1,000,000",9.75,3.033333333333333,750000.0,30.13,82.45,65.25,66.73,20.0,19.88,7312500.0
STAR WARS Jedi Knight - Jedi Academy,Raven Software,"LucasArts, Lucasfilm, Disney","500,000 .. 1,000,000",12.133333333333333,2.4,750000.0,10.09,11.38,13.97,10.84,307.15,263.44,9100000.0
Monster Prom,Beautiful Glitch,"Xelu, Those Awesome Guys","500,000 .. 1,000,000",5.3,3.1166666666666667,750000.0,1.06,8.01,100.43,6.91,2.23,2.76,3975000.0
Burnout Paradise: The Ultimate Box,Criterion Games,Electronic Arts,"500,000 .. 1,000,000",10.016666666666667,2.65,750000.0,10.95,19.51,36.9,15.82,11.0,15.39,7512500.000000001
Deadside,Bad Pixel,"Bad Pixel, tinyBuild","500,000 .. 1,000,000",35.25,8.816666666666666,750000.0,0.0,0.0,106.68,106.68,7.0,11.21,26437500.0
Mount & Blade,TaleWorlds Entertainment,TaleWorlds Entertainment,"500,000 .. 1,000,000",12.716666666666667,3.1,750000.0,74.27,111.45,237.67,120.9,3643.0,244.58,9537500.0
MELTY BLOOD: TYPE LUMINA,"FRENCH-BREAD, TYPE-MOON, Lasengle Inc., TAMSOFT CORPORATION, GameLoop Inc.",Lasengle Inc.,"500,000 .. 1,000,000",22.966666666666665,6.6,750000.0,4.44,11.83,18.5,7.36,0.0,3.0,17225000.0
Crysis Remastered,Crytek,Crytek,"500,000 .. 1,000,000",4.133333333333334,2.566666666666667,750000.0,9.04,12.0,14.5,10.08,0.0,38.52,3100000.0000000005
Rayman Legends,Ubisoft Montpellier,Ubisoft,"500,000 .. 1,000,000",9.766666666666667,2.9833333333333334,750000.0,10.04,16.13,31.59,16.4,15.16,102.86,7325000.000000001
Holdfast: Nations At War,Anvil Game Studios,Anvil Game Studios,"500,000 .. 1,000,000",27.266666666666666,5.0,750000.0,3.0,0.0,0.0,3.0,0.0,11.29,20450000.0
Eternal Card Game,Dire Wolf,Dire Wolf,"500,000 .. 1,000,000",36.11666666666667,2.7,750000.0,22.5,0.0,0.0,22.5,0.0,146.0,27087500.0
Faeria,Abrakam Entertainment SA,Versus Evil,"500,000 .. 1,000,000",14.716666666666667,2.2333333333333334,750000.0,11.76,36.5,95.0,20.04,0.0,51.02,11037500.0
We Were Here Together,Total Mayhem Games,Total Mayhem Games,"500,000 .. 1,000,000",6.15,5.883333333333334,750000.0,6.54,7.39,8.94,7.16,6.74,6.65,4612500.0
Murder Miners,JForce Games,JForce Games,"500,000 .. 1,000,000",3.816666666666667,1.65,750000.0,0.0,0.0,11.0,11.0,9.27,5.99,2862500.0
The Battle of Polytopia,Midjiwan AB,Midjiwan AB,"500,000 .. 1,000,000",13.5,6.55,750000.0,1.35,3.42,12.65,2.37,0.0,6.7,10125000.0
The Mean Greens - Plastic Warfare,"Virtual Basement LLC, Code Headquarters LLC",Virtual Basement LLC,"500,000 .. 1,000,000",2.283333333333333,1.25,750000.0,2.76,5.11,15.39,9.36,5.39,3.16,1712500.0
BRINK,Splash Damage,Bethesda Softworks,"500,000 .. 1,000,000",5.033333333333333,1.3833333333333333,750000.0,6.37,12.99,21.59,9.1,10.43,12.19,3775000.0
Due Process,Giant Enemy Crab,Giant Enemy Crab,"500,000 .. 1,000,000",16.383333333333333,2.1666666666666665,750000.0,12.36,0.0,0.0,12.36,0.0,11.23,12287500.0
The Dark Pictures Anthology: Man of Medan,Supermassive Games,BANDAI NAMCO Entertainment Europe,"500,000 .. 1,000,000",6.1,4.683333333333334,750000.0,4.41,5.52,16.47,4.98,4.6,4.67,4575000.0
GRID Autosport,"Codemasters Racing, Feral Interactive (Mac), Feral Interactive (Linux)","Codemasters, Feral Interactive (Mac), Feral Interactive (Linux)","500,000 .. 1,000,000",12.8,5.016666666666667,750000.0,32.39,61.2,123.74,51.61,68.0,206.0,9600000.0
Grand Theft Auto: San Andreas – The Definitive Edition,Rockstar Games,Rockstar Games,"500,000 .. 1,000,000",19.716666666666665,13.4,750000.0,30.25,45.18,72.03,42.05,627.38,168.75,14787499.999999998
Absolver,Sloclap,Devolver Digital,"500,000 .. 1,000,000",9.166666666666666,4.5,750000.0,5.08,7.9,20.19,6.55,6.7,10.25,6875000.0
Child of Light,Ubisoft Montréal,Ubisoft,"500,000 .. 1,000,000",8.583333333333334,2.95,750000.0,11.2,13.45,15.43,13.14,12.64,14.02,6437500.0
Last Year,Undaunted Games,Undaunted Games,"500,000 .. 1,000,000",7.383333333333334,1.1333333333333333,750000.0,2.0,0.0,0.0,2.0,0.0,73.37,5537500.0
Mount Your Friends,Stegersaurus Software Inc.,Stegersaurus Software Inc.,"500,000 .. 1,000,000",2.9,1.8166666666666667,750000.0,1.68,4.17,7.72,3.52,0.0,12.78,2175000.0
TrackMania² Stadium,Nadeo,Ubisoft,"500,000 .. 1,000,000",33.266666666666666,7.616666666666666,750000.0,10.27,15.82,90.45,22.06,13.77,42.38,24950000.0
NARUTO SHIPPUDEN: Ultimate Ninja STORM Revolution,"CyberConnect2 Co., Ltd.",BANDAI NAMCO Entertainment,"500,000 .. 1,000,000",12.166666666666666,6.566666666666666,750000.0,4.59,20.04,51.96,14.18,0.0,12.5,9125000.0
Timberman,Digital Melody,Forever Entertainment S. A.,"500,000 .. 1,000,000",4.45,3.0166666666666666,750000.0,2.97,4.02,26.67,6.92,0.0,7.0,3337500.0
Nidhogg,Messhof,Messhof,"500,000 .. 1,000,000",3.4166666666666665,1.7333333333333334,750000.0,0.85,2.44,6.4,1.17,0.33,3.53,2562500.0
Halo Wars: Definitive Edition,"Ensemble Studios, Behaviour Interactive, 343 Industries",Xbox Game Studios,"500,000 .. 1,000,000",14.883333333333333,5.1,750000.0,9.04,12.44,46.24,10.76,9.43,22.45,11162500.0
Hood: Outlaws & Legends,Sumo Digital,Focus Entertainment,"500,000 .. 1,000,000",10.983333333333333,6.2,750000.0,1.62,26.52,0.0,5.66,26.52,14.62,8237499.999999999
Nickelodeon All-Star Brawl,"Ludosity, Fair Play Labs",GameMill Entertainment,"500,000 .. 1,000,000",6.3,1.55,750000.0,1.08,4.92,8.85,3.51,0.0,10.15,4725000.0
Shotgun Farmers,Megastorm Games,Megastorm Games,"500,000 .. 1,000,000",5.583333333333333,3.316666666666667,750000.0,8.0,11.0,14.0,11.0,1.0,56.5,4187500.0
Frozen Synapse,Mode 7,Mode 7,"500,000 .. 1,000,000",4.05,1.55,750000.0,23.62,29.91,37.89,25.25,0.0,40.0,3037500.0
Prominence Poker,Pipeworks Studios,Jagex Ltd,"500,000 .. 1,000,000",12.383333333333333,3.066666666666667,750000.0,3.22,7.2,0.0,4.28,17.25,7.5,9287500.0
Call of Juarez,Techland,Techland Publishing,"500,000 .. 1,000,000",5.066666666666666,2.8666666666666667,750000.0,7.85,9.34,10.87,8.38,0.0,450.0,3800000.0
Minimum,,"Atari Inc., Cubed Productions LLC","500,000 .. 1,000,000",5.95,3.3833333333333333,750000.0,0.0,0.0,10.0,10.0,0.0,7.72,4462500.0
Red Faction Guerrilla Re-Mars-tered,"Volition, KAIKO",Deep Silver,"500,000 .. 1,000,000",4.133333333333334,2.2333333333333334,750000.0,13.3,20.71,43.05,18.03,0.0,11.67,3100000.0000000005
Ticket to Ride: Classic Edition,Days of Wonder,"Days of Wonder, Twin Sails Interactive","500,000 .. 1,000,000",7.65,3.3333333333333335,750000.0,0.74,4.67,155.9,24.3,0.0,17.85,5737500.0
Biped,NEXT Studios,"NEXT Studios, META Publishing","500,000 .. 1,000,000",3.7333333333333334,2.6666666666666665,750000.0,2.88,4.72,10.49,4.13,4.49,4.0,2800000.0
Tom Clancy's Splinter Cell,Ubisoft,Ubisoft,"500,000 .. 1,000,000",6.1,1.2166666666666666,750000.0,10.79,17.68,28.33,14.4,6.73,9.48,4575000.0
Peggle Deluxe,"PopCap Games, Inc.","PopCap Games, Inc., Electronic Arts","500,000 .. 1,000,000",8.55,3.4166666666666665,750000.0,4.08,10.32,33.19,5.29,0.0,7.79,6412500.000000001
Bloodline Champions,Stunlock Studios,Stunlock Studios,"500,000 .. 1,000,000",24.833333333333332,1.7833333333333334,750000.0,0.0,0.0,0.0,0.0,0.0,35.66,18625000.0
The Crew,Ivory Tower in collaboration with Ubisoft Reflections,Ubisoft,"500,000 .. 1,000,000",37.85,20.2,750000.0,19.0,42.41,118.66,33.86,18.27,50.65,28387500.0
Unfortunate Spacemen,"Geoff 'Zag' Keene, Deep Field Games","Deep Field Games, New Blood Interactive","500,000 .. 1,000,000",3.183333333333333,1.45,750000.0,1.92,2.7,68.17,8.64,2.66,9.0,2387500.0
Comedy Night,Lighthouse Games Studio,Lighthouse Games Studio,"500,000 .. 1,000,000",3.933333333333333,1.9,750000.0,0.5,0.0,11.71,9.66,2.28,7.62,2950000.0
Onward,Downpour Interactive,Downpour Interactive,"500,000 .. 1,000,000",30.366666666666667,5.0,750000.0,3.0,0.0,0.0,3.0,0.0,4.5,22775000.0
Blackwake,Mastfire Studios Pty Ltd,Mastfire Studios Pty Ltd,"500,000 .. 1,000,000",6.2,1.4833333333333334,750000.0,2.37,4.0,6.0,3.25,10.0,5.53,4650000.0
Burnout Paradise Remastered,"Stellar Entertainment, Criterion Games",Electronic Arts,"500,000 .. 1,000,000",9.566666666666666,3.1333333333333333,750000.0,10.95,19.51,36.9,15.82,11.0,15.39,7175000.0
Lethal League,Team Reptile,Team Reptile,"500,000 .. 1,000,000",5.133333333333334,3.3333333333333335,750000.0,7.29,15.9,32.8,10.38,2.52,4.35,3850000.0000000005
Hazard Ops,Yingpei Games,Infernum Productions AG,"500,000 .. 1,000,000",4.933333333333334,1.4833333333333334,750000.0,0.0,0.0,0.0,0.0,8.27,2.5,3700000.0
Screencheat,Samurai Punk,Samurai Punk,"500,000 .. 1,000,000",2.433333333333333,1.95,750000.0,2.39,5.0,7.57,5.35,4.1,2.33,1824999.9999999998
Rocketbirds: Hardboiled Chicken,Ratloop Asia,Reverb Publishing,"500,000 .. 1,000,000",2.1333333333333333,1.5833333333333333,750000.0,3.52,5.1,8.16,4.06,2.1,15.25,1600000.0
Planets Under Attack,Targem Games,Topware Interactive,"500,000 .. 1,000,000",5.466666666666667,5.05,750000.0,6.37,9.0,38.19,9.6,0.0,12.25,4100000.0
Blade Symphony,Puny Human,Puny Human,"500,000 .. 1,000,000",3.466666666666667,1.05,750000.0,0.25,0.66,4.14,2.32,0.0,15.25,2600000.0
EA SPORTS WRC,Codemasters,Electronic Arts,"500,000 .. 1,000,000",22.183333333333334,10.583333333333334,750000.0,15.26,23.57,39.65,24.83,0.0,35.0,16637500.0
RESIDENT EVIL RESISTANCE,"CAPCOM Co., Ltd., NeoBards Entertainment Ltd.","CAPCOM Co., Ltd.","500,000 .. 1,000,000",5.75,1.1666666666666667,750000.0,0.93,1.47,27.18,5.2,19.01,80.38,4312500.0
The Texas Chain Saw Massacre,Sumo Digital,Gun Interactive,"200,000 .. 500,000",38.483333333333334,12.516666666666667,350000.0,2.02,19.43,74.76,26.59,0.0,52.61,13469166.666666668
Call of Duty: Advanced Warfare - Gold Edition,"Sledgehammer Games, Raven Software",Activision,"200,000 .. 500,000",9.9,6.433333333333334,350000.0,6.87,8.83,9.92,7.22,0.0,14.83,3465000.0
Crawl,Powerhoof,Powerhoof,"200,000 .. 500,000",5.216666666666667,2.716666666666667,350000.0,1.21,4.08,13.77,1.6,0.42,1.48,1825833.3333333335
Midnight Ghost Hunt,Vaulted Sky Games,Coffee Stain Publishing,"200,000 .. 500,000",4.933333333333334,3.183333333333333,350000.0,2.19,15.0,500.0,45.79,0.0,1.92,1726666.6666666667
Runes of Magic,Runewaker Entertainment,Gameforge 4D GmbH‬,"200,000 .. 500,000",7.166666666666667,1.0166666666666666,350000.0,0.0,35.0,0.0,35.0,2500.0,500.0,2508333.3333333335
Arma Reforger,Bohemia Interactive,Bohemia Interactive,"200,000 .. 500,000",65.66666666666667,18.35,350000.0,6.0,12.0,86.25,23.38,3.75,16.0,22983333.333333336
Primal Carnage,Lukewarm Media,Circle 5 Publishing,"200,000 .. 500,000",9.45,2.6666666666666665,350000.0,6.01,10.0,20.0,11.2,0.0,8.15,3307499.9999999995
Tom Clancy's Ghost Recon: Future Soldier,"Ubisoft Paris, Red Storm Entertainment",Ubisoft,"200,000 .. 500,000",7.666666666666667,3.8666666666666667,350000.0,10.51,13.22,17.08,11.48,11.44,11.12,2683333.3333333335
Isonzo,BlackMill Games,BlackMill Games,"200,000 .. 500,000",16.433333333333334,7.9,350000.0,12.1,19.41,115.0,35.07,23.95,129.99,5751666.666666667
Opus Magnum,Zachtronics,Zachtronics,"200,000 .. 500,000",13.3,7.35,350000.0,15.4,26.32,42.15,21.58,0.0,70.0,4655000.0
Worms Revolution,Team17 Digital Ltd,Team17 Digital Ltd,"200,000 .. 500,000",8.316666666666666,3.2333333333333334,350000.0,18.92,32.51,49.87,26.62,19.08,16.28,2910833.333333333
Gas Guzzlers Extreme,Gamepires,Jagex Ltd,"200,000 .. 500,000",3.6166666666666667,1.8166666666666667,350000.0,9.62,10.22,12.9,10.37,0.0,6.0,1265833.3333333333
Lethal League Blaze,Team Reptile,Team Reptile,"200,000 .. 500,000",6.45,3.8833333333333333,350000.0,2.26,8.4,35.17,4.29,2.0,7.34,2257500.0
Singularity,Raven Software,Activision,"200,000 .. 500,000",6.733333333333333,4.4,350000.0,7.06,8.71,11.91,7.88,0.0,29.83,2356666.6666666665
Robot Roller-Derby Disco Dodgeball,Erik Asmussen,Erik Asmussen,"200,000 .. 500,000",3.8833333333333333,2.716666666666667,350000.0,1.52,0.0,0.0,1.52,0.0,3.2,1359166.6666666667
NARUTO: Ultimate Ninja STORM,CyberConnect2 Co. Ltd.,BANDAI NAMCO Entertainment,"200,000 .. 500,000",18.366666666666667,5.55,350000.0,8.91,19.61,39.02,16.28,12.58,28.16,6428333.333333334
Carcassonne - Tiles & Tactics,Artefacts Studio,Twin Sails Interactive,"200,000 .. 500,000",8.366666666666667,2.3333333333333335,350000.0,3.5,4.0,8.56,5.59,0.0,5.0,2928333.3333333335
Nuclear Dawn,"GameConnect, InterWave Studios",Iceberg Interactive,"200,000 .. 500,000",5.4,3.05,350000.0,0.9,0.0,28.0,14.45,0.0,12.58,1890000.0000000002
"I, Zombie",Awesome Games Studio,Awesome Games Studio,"200,000 .. 500,000",2.05,1.8833333333333333,350000.0,8.18,18.09,42.73,16.75,10.85,7.83,717499.9999999999
TowerFall Ascension,"Maddy Makes Games Inc., Extremely OK Games, Ltd.",Maddy Makes Games Inc.,"200,000 .. 500,000",6.583333333333333,2.283333333333333,350000.0,3.79,9.75,35.89,7.26,6.18,18.25,2304166.6666666665
JoJo's Bizarre Adventure: All-Star Battle R,CyberConnect2 Co. Ltd.,Bandai Namco Entertainment,"200,000 .. 500,000",10.3,5.983333333333333,350000.0,8.05,13.78,34.69,14.33,0.0,10.0,3605000.0000000005
Ace Combat Assault Horizon - Enhanced Edition,NAMCO,BANDAI NAMCO Entertainment,"200,000 .. 500,000",5.883333333333334,1.9166666666666667,350000.0,8.55,12.75,76.58,10.99,7.0,50.0,2059166.6666666667
Team Sonic Racing,Sumo Digital,SEGA,"200,000 .. 500,000",6.733333333333333,3.7666666666666666,350000.0,8.86,13.6,26.56,11.41,10.78,6.0,2356666.6666666665
Blood Bowl: Chaos Edition,Cyanide Studios,Cyanide Studios,"200,000 .. 500,000",24.766666666666666,6.7,350000.0,34.58,0.0,0.0,34.58,0.0,65.0,8668333.333333332
Orbital Gear,Night Node,Night Node,"200,000 .. 500,000",2.8333333333333335,2.283333333333333,350000.0,0.0,0.0,7.68,7.68,0.0,10.0,991666.6666666667
Lost Planet: Extreme Condition,"CAPCOM Co., Ltd.",Capcom,"200,000 .. 500,000",3.2666666666666666,1.4333333333333333,350000.0,8.03,9.56,20.83,8.48,0.0,13.9,1143333.3333333333
GRID,Codemasters,"Codemasters, Electronic Arts","200,000 .. 500,000",12.316666666666666,2.933333333333333,350000.0,17.69,21.37,29.54,21.13,14.7,21.41,4310833.333333333
THE GAME OF LIFE,Marmalade Game Studio Ltd,Marmalade Game Studio Ltd,"200,000 .. 500,000",3.2333333333333334,2.066666666666667,350000.0,0.64,2.46,3.96,1.49,0.0,3.0,1131666.6666666667
Rules Of Survival,Netease Games,Netease Games,"200,000 .. 500,000",67.95,13.083333333333334,350000.0,0.75,0.0,0.0,0.75,0.0,0.75,23782500.0
Battlefield Hardline,DICE,Electronic Arts,"200,000 .. 500,000",3.566666666666667,2.0,350000.0,7.37,10.79,26.29,8.96,21.0,35.87,1248333.3333333335
Laser League,"Roll7, CE-Asia, 505 Games","CE-Asia, 505 Games","200,000 .. 500,000",2.6,2.1,350000.0,2.16,40.0,0.0,5.43,0.0,15.12,910000.0
Space Farmers,BumpkinBrothers,BumpkinBrothers,"200,000 .. 500,000",2.65,2.6166666666666667,350000.0,3.19,3.5,6.0,4.88,4.99,7.0,927500.0
Grey Goo,"Petroglyph, Six Foot","Six Foot, Grey Box","200,000 .. 500,000",9.733333333333333,4.05,350000.0,14.45,18.23,22.78,15.99,0.0,60.62,3406666.6666666665
Contractors,Caveman Studio,Caveman Studio,"200,000 .. 500,000",3.966666666666667,2.75,350000.0,6.0,11.0,0.0,8.83,10.0,13.5,1388333.3333333335
The Jackbox Party Pack,"Jackbox Games, Inc.","Jackbox Games, Inc.","200,000 .. 500,000",5.05,1.7833333333333334,350000.0,3.74,5.06,15.85,5.69,10.0,11.17,1767500.0
DRAGON BALL: THE BREAKERS,Dimps Corporation,Bandai Namco Entertainment,"200,000 .. 500,000",28.05,10.5,350000.0,0.0,14.55,80.67,38.25,0.0,13.56,9817500.0
WRC Generations – The FIA WRC Official Game,KT Racing,Nacon,"200,000 .. 500,000",11.366666666666667,7.55,350000.0,13.95,28.83,54.6,21.04,0.0,176.5,3978333.3333333335
No Time to Relax,Porcelain Fortress,Porcelain Fortress,"200,000 .. 500,000",6.033333333333333,4.2,350000.0,0.98,5.2,25.01,2.9,6.0,1.0,2111666.6666666665
Turok,"Iguana Entertainment, Nightdive Studios",Nightdive Studios,"200,000 .. 500,000",4.083333333333333,1.5166666666666666,350000.0,7.33,8.82,9.93,7.85,0.0,33.0,1429166.6666666665
Red Dead Redemption,"Rockstar Games, Double Eleven",Rockstar Games,"200,000 .. 500,000",20.116666666666667,12.483333333333333,350000.0,17.62,26.05,45.89,23.89,20.73,19.0,7040833.333333334
Shardbound,Bazooka Tango,Bazooka Tango,"200,000 .. 500,000",6.916666666666667,1.1333333333333333,350000.0,0.0,0.0,0.0,0.0,0.0,2.13,2420833.3333333335
Frontlines: Fuel of War,Kaos Studios,THQ Nordic,"200,000 .. 500,000",3.0833333333333335,1.4166666666666667,350000.0,5.43,7.74,11.03,5.75,0.0,5.0,1079166.6666666667
Alien Swarm: Reactive Drop,Reactive Drop Team,Reactive Drop Team,"200,000 .. 500,000",3.8666666666666667,1.4333333333333333,350000.0,7.05,16.53,38.55,11.57,14.63,8.0,1353333.3333333333
Monday Night Combat,Uber Entertainment,Uber Entertainment,"200,000 .. 500,000",7.633333333333334,3.316666666666667,350000.0,3.4,16.74,16.15,10.84,0.0,25.13,2671666.666666667
Dead Realm,Section Studios,3BLACKDOT,"200,000 .. 500,000",3.2666666666666666,2.05,350000.0,0.0,0.0,0.0,0.0,0.0,0.78,1143333.3333333333
NBA Playgrounds,Saber Interactive,"Mad Dog Games, LLC","200,000 .. 500,000",6.5,6.3,350000.0,5.84,8.94,11.27,7.25,15.63,22.0,2275000.0
Disc Jam,High Horse Entertainment,High Horse Entertainment,"200,000 .. 500,000",3.6333333333333333,3.533333333333333,350000.0,3.46,6.44,9.65,6.26,0.0,2.91,1271666.6666666667
Blacklight: Retribution,"Hardsuit Labs, Inc.","Hardsuit Labs, Inc.","200,000 .. 500,000",14.816666666666666,2.6166666666666667,350000.0,15.87,22.5,60.0,27.32,6.18,39.47,5185833.333333333
Trials Fusion,"RedLynx, in collaboration with  Ubisoft Shanghai, Ubisoft Kiev",Ubisoft,"200,000 .. 500,000",17.6,3.8,350000.0,6.76,22.36,115.53,12.34,0.0,8.42,6160000.000000001
Horizon Chase Turbo,AQUIRIS,AQUIRIS,"200,000 .. 500,000",8.666666666666666,5.266666666666667,350000.0,10.2,15.37,32.85,15.27,0.0,20.25,3033333.333333333
Meet Your Maker,Behaviour Interactive Inc.,Behaviour Interactive Inc.,"200,000 .. 500,000",18.35,3.533333333333333,350000.0,9.12,0.0,54.81,46.18,0.0,6.5,6422500.000000001
Vessel,Strange Loop Games,IndiePub,"200,000 .. 500,000",2.8833333333333333,1.1,350000.0,9.6,12.73,13.63,12.01,0.0,15.83,1009166.6666666666
BlazBlue: Cross Tag Battle,Arc System Works,Arc System Works,"200,000 .. 500,000",25.6,5.983333333333333,350000.0,4.13,8.55,11.49,6.86,0.0,26.23,8960000.0
Dungeon Defenders Eternity,Nom Nom Games,Trendy Entertainment,"200,000 .. 500,000",20.266666666666666,8.65,350000.0,0.0,22.1,0.0,22.1,0.0,39.0,7093333.333333333
Zero Escape: The Nonary Games,"Spike Chunsoft Co., Ltd.","Spike Chunsoft Co., Ltd.","200,000 .. 500,000",26.366666666666667,15.183333333333334,350000.0,33.87,42.6,50.84,48.33,0.0,74.63,9228333.333333334
Trackmania United Forever,Nadeo,Ubisoft,"200,000 .. 500,000",29.216666666666665,8.516666666666667,350000.0,15.22,42.86,60.2,40.54,500.0,267.5,10225833.333333332
Sonic & SEGA All-Stars Racing,Sumo Digital,SEGA,"200,000 .. 500,000",2.65,1.0333333333333334,350000.0,5.08,10.58,20.06,8.61,5.0,31.06,927500.0
Melty Blood Actress Again Current Code,FRENCH-BREAD,Arc System Works,"200,000 .. 500,000",17.833333333333332,3.5,350000.0,1.1,9.66,23.56,6.58,0.0,12.0,6241666.666666666
KROSMAGA,Ankama Studio,Ankama Games,"200,000 .. 500,000",8.85,2.683333333333333,350000.0,0.0,0.0,0.0,0.0,0.0,36.0,3097500.0
Bean Battles,Gupa Games,Gupa Games,"200,000 .. 500,000",6.133333333333334,3.433333333333333,350000.0,0.0,0.0,0.0,0.0,0.0,8.32,2146666.666666667
TerraScape,Bitfall Studios,"Stray Fawn Publishing, INSTINCT3","200,000 .. 500,000",3.2666666666666666,3.0833333333333335,350000.0,5.55,13.84,37.5,13.85,8.0,12.0,1143333.3333333333
MO:Astray,Archpray Inc.,Rayark International Limited,"200,000 .. 500,000",6.816666666666666,5.116666666666666,350000.0,8.22,15.86,27.74,13.87,19.04,18.69,2385833.333333333
Stormbound,"Paladin Studios, Stormbound Games",Stormbound B.V.,"200,000 .. 500,000",4.733333333333333,3.816666666666667,350000.0,0.0,0.0,0.0,0.0,0.0,35.33,1656666.6666666667
Stronghold Legends: Steam Edition,Firefly Studios,Firefly Studios,"200,000 .. 500,000",8.916666666666666,2.933333333333333,350000.0,11.96,44.99,100.83,36.76,457.0,393.0,3120833.333333333
Toy Soldiers,Signal Studios,,"200,000 .. 500,000",5.1,2.3333333333333335,350000.0,6.17,11.28,20.3,8.37,12.0,10.0,1784999.9999999998
BlazBlue: Continuum Shift Extend,Arc System Works,"H2 Interactive Co., Ltd.","200,000 .. 500,000",6.95,3.95,350000.0,9.51,26.65,38.21,16.38,1.25,70.0,2432500.0
NORTH,Outlands,Sometimes You,"200,000 .. 500,000",7.15,3.6,350000.0,14.51,35.49,87.62,20.14,20.0,655.0,2502500.0
Call of Duty: United Offensive,Gray Matter Studios,Activision,"200,000 .. 500,000",16.966666666666665,4.383333333333334,350000.0,5.67,6.26,8.18,6.0,0.0,79.33,5938333.333333333
Altitude,Nimbly Games,Nimbly Games,"200,000 .. 500,000",11.116666666666667,1.9166666666666667,350000.0,0.82,0.0,13.64,12.0,0.0,18.39,3890833.3333333335
Ben and Ed - Blood Party,Sluggerfly,Sluggerfly,"200,000 .. 500,000",8.1,2.5833333333333335,350000.0,2.12,3.83,4.67,2.79,0.0,18.0,2835000.0
DNF Duel,"NEOPLE Inc., Arc System Works, EIGHTING Co., Ltd.",NEXON,"200,000 .. 500,000",21.65,19.816666666666666,350000.0,1.62,14.56,113.36,4.76,0.0,31.59,7577499.999999999
RONIN,Tomasz Wacławek,Devolver Digital,"200,000 .. 500,000",5.15,4.066666666666666,350000.0,6.0,7.87,11.05,7.97,0.0,4.32,1802500.0000000002
Skulls of the Shogun,17-BIT,17-BIT,"200,000 .. 500,000",5.366666666666666,2.433333333333333,350000.0,9.98,17.02,29.34,11.65,0.0,5.5,1878333.3333333333
Post Apocalyptic Mayhem,Steel Monkeys,Next Dimension Game Adventures Ltd.,"200,000 .. 500,000",2.066666666666667,1.8666666666666667,350000.0,0.91,1.79,6.24,1.8,9.6,8.0,723333.3333333334
OR,Camagames,,"200,000 .. 500,000",3.566666666666667,3.533333333333333,350000.0,8.57,13.71,22.47,10.58,9.65,6.76,1248333.3333333335
Worlds Adrift,Bossa Studios,Bossa Studios,"100,000 .. 200,000",25.55,16.65,150000.0,0.0,0.0,0.0,0.0,0.0,1.48,3832500.0
Painkiller: Black Edition,People Can Fly,Prime Matter,"100,000 .. 200,000",4.083333333333333,1.7666666666666666,150000.0,10.33,15.42,18.74,12.43,0.0,22.0,612500.0
Exoprimal,"CAPCOM Co., Ltd.","CAPCOM Co., Ltd.","100,000 .. 200,000",13.333333333333334,8.933333333333334,150000.0,23.71,29.11,103.68,28.64,26.17,39.21,2000000.0
Divekick,Iron Galaxy Studios,Iron Galaxy Studios,"100,000 .. 200,000",5.066666666666666,2.8666666666666667,150000.0,0.66,5.98,46.73,1.51,0.0,1.73,760000.0
The Jackbox Party Pack 9,"Jackbox Games, Inc.","Jackbox Games, Inc.","100,000 .. 200,000",4.566666666666666,2.7,150000.0,2.83,3.22,0.0,3.09,0.0,3.69,685000.0
Airline Tycoon Deluxe,Spellbound,"HandyGames, Black Forest Games","100,000 .. 200,000",6.933333333333334,6.733333333333333,150000.0,15.28,46.5,0.0,31.47,0.0,10.0,1040000.0
Toybox Turbos,Codemasters,"Codemasters, Electronic Arts","100,000 .. 200,000",3.6666666666666665,2.783333333333333,150000.0,2.93,4.29,4.35,4.05,5.95,6.47,550000.0
Worms World Party Remastered,Team17 Digital Ltd,Team17 Digital Ltd,"100,000 .. 200,000",7.45,1.45,150000.0,9.01,17.69,24.51,15.35,0.0,32.5,1117500.0
Boomerang Fu,Cranky Watermelon,Cranky Watermelon,"100,000 .. 200,000",2.65,1.4166666666666667,150000.0,0.9,3.35,3.69,2.74,27.81,2.53,397500.0
Umbrella Corps,CAPCOM,CAPCOM,"100,000 .. 200,000",51.333333333333336,4.2,150000.0,4.47,4.76,12.0,4.67,0.0,27.5,7700000.0
First Class Trouble,Invisible Walls,Amplifier Studios,"100,000 .. 200,000",8.2,3.2666666666666666,150000.0,0.64,0.0,25.01,13.64,23.47,13.99,1230000.0
Gigantic: Rampage Edition,Abstraction Games,Arc Games,"100,000 .. 200,000",27.5,3.6,150000.0,23.2,0.0,0.0,23.2,0.0,16.2,4125000.0
Hero Academy,Robot Entertainment,Robot Entertainment,"100,000 .. 200,000",5.366666666666666,3.3,150000.0,8.45,8.5,0.0,8.47,0.0,100.43,804999.9999999999
BlazBlue: Calamity Trigger,Arc System Works,"H2 Interactive Co., Ltd.","100,000 .. 200,000",3.6333333333333333,1.9333333333333333,150000.0,10.18,19.89,35.5,13.61,0.0,10.0,545000.0
Vigor,Bohemia Interactive,Bohemia Interactive,"100,000 .. 200,000",4.966666666666667,1.0333333333333334,150000.0,1.33,65.0,0.0,33.17,0.0,242.63,745000.0
Dying Light: Bad Blood,Techland,Techland Publishing,"100,000 .. 200,000",4.466666666666667,2.4166666666666665,150000.0,0.0,0.0,0.0,0.0,0.0,12.0,670000.0
Slap City,Ludosity,Ludosity,"100,000 .. 200,000",18.6,4.9,150000.0,2.88,10.43,10.62,5.42,0.0,85.2,2790000.0
Power Rangers: Battle for the Grid,"nWay, INC","nWay, INC","100,000 .. 200,000",6.15,5.35,150000.0,2.93,5.94,11.05,3.29,0.0,24.83,922500.0
Fear The Wolves,Vostok Games,Focus Entertainment,"100,000 .. 200,000",2.5166666666666666,2.316666666666667,150000.0,0.0,0.0,0.0,0.0,0.0,5.82,377500.0
DUCKSIDE,tinyBuild Riga,tinyBuild,"100,000 .. 200,000",12.383333333333333,3.0166666666666666,150000.0,0.0,0.0,0.0,0.0,0.0,12.0,1857500.0
Oh Deer,Cozy Cabin Studios,Cozy Cabin Studios,"100,000 .. 200,000",2.1,1.7833333333333334,150000.0,1.0,14.91,0.0,8.21,23.67,6.81,315000.0
RISK: Factions,Stainless Games,FireFly Studios,"100,000 .. 200,000",7.183333333333334,4.75,150000.0,2.29,3.44,8.93,3.81,0.0,9.82,1077500.0
Offworld Trading Company,Mohawk Games,Stardock Entertainment,"100,000 .. 200,000",7.0,3.316666666666667,150000.0,9.48,33.58,118.94,16.84,0.0,40.55,1050000.0
Foul Play,Mediatonic,Epic Games,"100,000 .. 200,000",2.566666666666667,1.8833333333333333,150000.0,4.67,4.95,7.14,4.98,5.16,4.2,385000.00000000006
MY HERO ONE'S JUSTICE,Byking Inc.,BANDAI NAMCO Entertainment,"100,000 .. 200,000",7.45,5.633333333333334,150000.0,5.6,14.81,32.69,10.42,1.0,3.41,1117500.0
Ballistic Overkill,Aquiris Game Studio,Aquiris Game Studio,"100,000 .. 200,000",11.033333333333333,5.133333333333334,150000.0,0.0,0.0,0.0,0.0,0.0,218.0,1655000.0
The Ship: Remasted,Blazing Griffin,Blazing Griffin,"100,000 .. 200,000",2.216666666666667,1.5,150000.0,0.0,8.0,0.0,8.0,0.0,6.25,332500.0
West Hunt,NewGen,"Wandering Wizard, Snail Games USA","100,000 .. 200,000",4.216666666666667,2.75,150000.0,0.0,0.0,0.0,0.0,0.0,2.5,632500.0
S.T.A.L.K.E.R.: Shadow of Chornobyl - Enhanced Edition,GSC Game World,GSC Game World,"50,000 .. 100,000",4.083333333333333,1.3,75000.0,15.09,24.43,42.23,21.62,0.0,15.32,306250.0
Demigod,Gas Powered Games,Stardock Entertainment,"50,000 .. 100,000",3.2666666666666666,1.1833333333333333,75000.0,3.55,8.12,36.0,5.91,0.0,8.0,245000.0
 Wanba Warriors,Wanba Studio,"Wanba Studio, Wave Games","50,000 .. 100,000",2.6333333333333333,1.4833333333333334,75000.0,2.35,0.0,0.0,2.35,0.0,2.35,197500.0
Kingdoms Rise,Flyleap Studios Pty. Ltd.,Flyleap Studios Pty. Ltd.,"50,000 .. 100,000",3.05,1.5333333333333334,75000.0,0.0,0.0,0.0,0.0,0.0,2.92,228750.0
DEATH NOTE Killer Within,Grounding Inc.,Bandai Namco Entertainment Inc.,"50,000 .. 100,000",35.483333333333334,35.016666666666666,75000.0,1.3,0.0,0.0,1.3,0.0,0.93,2661250.0
KILL la KILL -IF,"Arc System Works, APLUS Co., Ltd.",Arc System Works,"50,000 .. 100,000",6.083333333333333,4.033333333333333,75000.0,3.95,5.28,14.01,4.73,0.0,39.89,456250.0
Tannenberg,Blackmill Games,Blackmill Games,"50,000 .. 100,000",7.316666666666666,3.8333333333333335,75000.0,3.37,13.95,14.87,8.76,4.9,4.35,548750.0
Dokapon Kingdom: Connect,"Idea Factory, Compile Heart, Sting",Idea Factory International,"50,000 .. 100,000",20.216666666666665,8.633333333333333,75000.0,24.15,29.19,41.46,27.63,30.0,28.03,1516249.9999999998
Who's Who?,G1 Playground,G1 Playground,"50,000 .. 100,000",2.8666666666666667,1.9833333333333334,75000.0,0.51,2.36,6.04,2.51,0.0,1.74,215000.0
BlazeRush,Targem Games,Targem Games,"50,000 .. 100,000",6.35,4.583333333333333,75000.0,6.15,10.15,10.29,7.68,8.0,4.86,476250.0
FATAL FURY: City of the Wolves,SNK CORPORATION,SNK CORPORATION,"50,000 .. 100,000",12.183333333333334,8.733333333333333,75000.0,5.36,11.99,35.0,10.27,0.0,6.38,913750.0
Override: Mech City Brawl,The Balance Inc,Modus Games,"50,000 .. 100,000",3.0,2.0166666666666666,75000.0,2.04,4.59,0.0,2.34,2.0,4.0,225000.0
Headbangers: Rhythm Royale,Glee-Cheese Studio,Team17,"50,000 .. 100,000",3.7666666666666666,1.65,75000.0,2.31,0.0,44.86,7.8,0.0,2.96,282500.0
TWINKLE STAR SPRITES,"SNK CORPORATION, Dotemu",SNK CORPORATION,"50,000 .. 100,000",2.7,1.7666666666666666,75000.0,1.1,5.38,21.21,1.54,0.0,13.25,202500.0
Knight Squad,Chainsawesome Games,Chainsawesome Games,"50,000 .. 100,000",3.65,3.1,75000.0,0.76,3.39,4.7,3.17,15.0,2.42,273750.0
Hasbro's BATTLESHIP,Marmalade Game Studio Ltd,Marmalade Game Studio Ltd,"50,000 .. 100,000",2.316666666666667,1.5666666666666667,75000.0,4.97,8.83,18.6,10.61,0.0,18.83,173750.00000000003
